{
  "accuracy": 0.47282608695652173,
  "precision": 0.35957822319444344,
  "recall": 0.47282608695652173,
  "f1_score": 0.3694186613795972,
  "0_precision": 0.4805900621118012,
  "0_recall": 0.9687010954616588,
  "0_f1": 0.6424494032174364,
  "1_precision": 0.0,
  "1_recall": 0.0,
  "1_f1": 0.0,
  "2_precision": 0.4046242774566474,
  "2_recall": 0.15659955257270694,
  "2_f1": 0.22580645161290322,
  "3_precision": 0.48205128205128206,
  "3_recall": 0.42152466367713004,
  "3_f1": 0.44976076555023925,
  "4_precision": 0.0,
  "4_recall": 0.0,
  "4_f1": 0.0,
  "auc": 0.7151737145643077,
  "classification_report": {
    "0": {
      "precision": 0.4805900621118012,
      "recall": 0.9687010954616588,
      "f1-score": 0.6424494032174364,
      "support": 639.0
    },
    "1": {
      "precision": 0.0,
      "recall": 0.0,
      "f1-score": 0.0,
      "support": 296.0
    },
    "2": {
      "precision": 0.4046242774566474,
      "recall": 0.15659955257270694,
      "f1-score": 0.22580645161290322,
      "support": 447.0
    },
    "3": {
      "precision": 0.48205128205128206,
      "recall": 0.42152466367713004,
      "f1-score": 0.44976076555023925,
      "support": 223.0
    },
    "4": {
      "precision": 0.0,
      "recall": 0.0,
      "f1-score": 0.0,
      "support": 51.0
    },
    "accuracy": 0.47282608695652173,
    "macro avg": {
      "precision": 0.27345312432394614,
      "recall": 0.30936506234229916,
      "f1-score": 0.2636033240761158,
      "support": 1656.0
    },
    "weighted avg": {
      "precision": 0.35957822319444344,
      "recall": 0.47282608695652173,
      "f1-score": 0.3694186613795972,
      "support": 1656.0
    }
  }
}