{
  "train_loss": [
    1.407261983157853
  ],
  "train_acc": [
    39.46002076843198
  ],
  "val_loss": [
    1.2274815451640348
  ],
  "val_acc": [
    46.12590799031477
  ],
  "best_val_acc": 46.12590799031477,
  "best_epoch": 1
}